{
    "es": {
        "100000": {
            "rougeL": 0.17807331843454072,
            "rouge2": 0.06073582609100867,
            "comet_qe": -0.768335644848818,
            "flores_chrf++": 0.380817583492271,
            "flores_bleu4": 0.08555024560398343,
            "test_chrf++": 0.638634656585403,
            "test_bleu2": 0.563664175966523,
            "test_bleu4": 0.3968346833844342,
            "xsum_dev_chrf++": 0.3648861247811688,
            "xsum_dev_bleu2": 0.19746948445790208,
            "xsum_dev_bleu4": 0.07728006811625018,
            "ner_f1": 0.17110556986766035,
            "bert_f1": 0.7946947986303374
        },
        "helsinki": {
            "rougeL": 0.1908342580494825,
            "rouge2": 0.07529072415752404,
            "comet_qe": 0.17050926946103573,
            "flores_chrf++": 0.5834661618242593,
            "flores_bleu4": 0.2761761682038563,
            "test_chrf++": 0.8110070702415045,
            "test_bleu2": 0.7673542860704935,
            "test_bleu4": 0.6521366351448215,
            "xsum_dev_chrf++": 0.5238660831800314,
            "xsum_dev_bleu2": 0.3655181522900381,
            "xsum_dev_bleu4": 0.22260137392209112,
            "ner_f1": 0.217106832130868,
            "bert_f1": 0.7919208892556124
        },
        "e2e": {
            "rougeL": 0.19143271107155135,
            "rouge2": 0.0752347591563218,
            "ner_f1": 0.21434067795608489,
            "bert_f1": 0.8014785336373851
        },
        "nllb": {
            "rougeL": 0.19406983908921133,
            "rouge2": 0.07556564595854737,
            "comet_qe": 0.23591076958989507,
            "flores_chrf++": 0.5879265337133979,
            "flores_bleu4": 0.30081333970052265,
            "test_chrf++": 0.792638669324151,
            "test_bleu2": 0.738874271698486,
            "test_bleu4": 0.6182059030069982,
            "xsum_dev_chrf++": 0.532872969404224,
            "xsum_dev_bleu2": 0.38835717797803015,
            "xsum_dev_bleu4": 0.24274982254936717,
            "ner_f1": 0.216718580433211,
            "bert_f1": 0.7924973592162132
        }
    },
    "sw": {
        "100000": {
            "rougeL": 0.16462431196990088,
            "rouge2": 0.04633178302810333,
            "comet_qe": -0.6740139534076055,
            "flores_chrf++": 0.35237855495398596,
            "flores_bleu4": 0.09343703123209281,
            "test_chrf++": 0.3394003112895211,
            "test_bleu2": 0.2308431456633978,
            "test_bleu4": 0.10213979203827615,
            "xsum_dev_chrf++": 0.33769470875491947,
            "xsum_dev_bleu2": 0.17686909106177862,
            "xsum_dev_bleu4": 0.06799006088343719,
            "ner_f1": 0.1554872595199318,
            "bert_f1": 0.7681083917617798
        },
        "helsinki": {
            "rougeL": 0.09943516486500892,
            "rouge2": 0.006208970632840599,
            "comet_qe": -1.9938759477050216,
            "flores_chrf++": 0.07119994725244047,
            "flores_bleu4": 0.0006547374106599748,
            "test_chrf++": 0.04256389261841434,
            "test_bleu2": 0.003062773066336445,
            "test_bleu4": 0.0,
            "xsum_dev_chrf++": 0.09751903310817309,
            "xsum_dev_bleu2": 0.006817479883797891,
            "xsum_dev_bleu4": 0.0011519017793153441,
            "ner_f1": 0.02935864313066202,
            "bert_f1": 0.7681484160599885
        },
        "e2e": {
            "rougeL": 0.19944236426346812,
            "rouge2": 0.07332297398870384,
            "ner_f1": 0.23200320737420677,
            "bert_f1": 0.76349977850914
        },
        "nllb": {
            "rougeL": 0.20507307537721328,
            "rouge2": 0.08339574292711514,
            "comet_qe": 0.07494999357947597,
            "flores_chrf++": 0.6103503469185333,
            "flores_bleu4": 0.38511101113203344,
            "test_chrf++": 0.4968864843151565,
            "test_bleu2": 0.4122550452802509,
            "test_bleu4": 0.274768850411109,
            "xsum_dev_chrf++": 0.5242168462680936,
            "xsum_dev_bleu2": 0.4242475314139949,
            "xsum_dev_bleu4": 0.26825650038980253,
            "ner_f1": 0.22197380921749574,
            "bert_f1": 0.7645349787341224
        }
    },
    "ar": {
        "100000": {
            "rougeL": 0.15264861375103989,
            "rouge2": 0.03670539779323246,
            "comet_qe": -0.8416105206757939,
            "flores_chrf++": 0.35415015987123605,
            "flores_bleu4": 0.09545078113827313,
            "test_chrf++": 0.4975914763367285,
            "test_bleu2": 0.41873370407645144,
            "test_bleu4": 0.24572613576204144,
            "xsum_dev_chrf++": 0.3090166100057092,
            "xsum_dev_bleu2": 0.13011415451543235,
            "xsum_dev_bleu4": 0.037867525105186636,
            "ner_f1": 0.07575049224002796,
            "bert_f1": 0.7462113083708695
        },
        "helsinki": {
            "rougeL": 0.19733683565793472,
            "rouge2": 0.06995364115268499,
            "comet_qe": 0.04538883726467472,
            "flores_chrf++": 0.6113025286026308,
            "flores_bleu4": 0.3392554906642716,
            "test_chrf++": 0.6946200024169354,
            "test_bleu2": 0.6179183247897706,
            "test_bleu4": 0.46028862176076,
            "xsum_dev_chrf++": 0.49426975637589565,
            "xsum_dev_bleu2": 0.30233693480788165,
            "xsum_dev_bleu4": 0.15673445771676178,
            "ner_f1": 0.17797398884928387,
            "bert_f1": 0.7416887893607436
        },
        "e2e": {
            "rougeL": 0.1969931175525974,
            "rouge2": 0.07210562388823764,
            "ner_f1": 0.20412323924847248,
            "bert_f1": 0.7657126281739272
        },
        "nllb": {
            "rougeL": 0.20218756140375643,
            "rouge2": 0.07541682198799296,
            "comet_qe": 0.11587165115035583,
            "flores_chrf++": 0.632057545673198,
            "flores_bleu4": 0.381721512298886,
            "test_chrf++": 0.6993258254422821,
            "test_bleu2": 0.6322885551594114,
            "test_bleu4": 0.47936393981001646,
            "xsum_dev_chrf++": 0.5271534778318955,
            "xsum_dev_bleu2": 0.36480798237273737,
            "xsum_dev_bleu4": 0.2080953456119777,
            "ner_f1": 0.1870504542422499,
            "bert_f1": 0.7420002603951769
        }
    },
    "zh": {
        "100000": {
            "rougeL": 0.11105551580622658,
            "rouge2": 0.009412067421321032,
            "comet_qe": -0.9180598818838842,
            "flores_chrf++": 0.2998379517808387,
            "flores_bleu4": 0.05161036734758851,
            "test_chrf++": 0.43101810492042913,
            "test_bleu2": 0.31911636312980474,
            "test_bleu4": 0.15853996839380757,
            "xsum_dev_chrf++": 0.2731964198667107,
            "xsum_dev_bleu2": 0.10796666526887753,
            "xsum_dev_bleu4": 0.022990923603701086,
            "ner_f1": 0.011791114020157785,
            "bert_f1": 0.7528944295129658
        },
        "helsinki": {
            "rougeL": 0.17215413457364726,
            "rouge2": 0.04996184902186068,
            "comet_qe": -0.006120062804945702,
            "flores_chrf++": 0.5368433477252715,
            "flores_bleu4": 0.23281935086183464,
            "test_chrf++": 0.629815317930576,
            "test_bleu2": 0.5361203981992311,
            "test_bleu4": 0.36671589705367286,
            "xsum_dev_chrf++": 0.4523626976741443,
            "xsum_dev_bleu2": 0.23742114522441166,
            "xsum_dev_bleu4": 0.1095227404535785,
            "ner_f1": 0.1433516099692559,
            "bert_f1": 0.7462290720439252
        },
        "e2e": {
            "rougeL": 0.20867687105743354,
            "rouge2": 0.08542208091223583,
            "ner_f1": 0.2133850123708582,
            "bert_f1": 0.7431518994731667
        },
        "nllb": {
            "rougeL": 0.18014284940355774,
            "rouge2": 0.056388635129104046,